{
  "workspace/test2.txt": 1750462747.562152,
  "workspace/test 4.txt": 1750459652.6675074
}