{
  "workspace/test2.txt": 1750283638.857847,
  "workspace/test 4.txt": 1750296133.5585473
}