{
  "workspace/test2.txt": 1750283638.857847,
  "workspace/test 4.txt": 1750285558.937847
}