{
  "workspace/test.txt": 1750280954.685913,
  "workspace\\test.txt": 1750280954.6859133
}