{
  "workspace/test 4.txt": 1750284539.766732,
  "workspace/test2.txt": 1750283638.857847
}